term,df,sumsq,meansq,statistic,p.value,test
weight_group,1,1888.8329848231842,1888.8329848231842,11.974061247530802,5.506895839396049e-4,ANOVA
roster_size,1,24022.013861914416,24022.013861914416,152.28507103740756,8.80456675978677e-34,ANOVA
weight_group:roster_size,1,2015.2953926392122,2015.2953926392122,12.77575659532837,3.593963796939457e-4,ANOVA
Residuals,2016,318011.34290913807,157.74372168112006,NA,NA,ANOVA
