r.squared,adj.r.squared,sigma,statistic,p.value,df,logLik,AIC,BIC,deviance,df.residual,nobs,model
0.17285290227207853,0.17143816949375257,12.061054505584009,122.18060182122282,7.315255258092033e-72,3,-6869.879360673074,13749.758721346148,13777.118381737375,255152.68876981625,1754,1758,baseball_lm
0.18287342117585095,0.18100889960409017,11.991193467548191,98.08061432250175,2.1340643894417735e-75,4,-6859.165639124758,13730.331278249516,13763.162870718987,252061.62752062673,1753,1758,win_model
