sim_mean_wins,sim_lower_95,sim_upper_95
78.88560204063492,66.55923791410876,90.91572723780337
