test,statistic,p_value,df
t-test (wins),3.362070828432053,7.880870696512979e-4,2011.6686053901606
